Bietry_1.10	AA	3
Bietry_1.10	CE	3
Bietry_1.10	GH	8
Bietry_1.10	GT	8
Bietry_1.11	AA	1
Bietry_1.11	CBM	3
Bietry_1.11	CE	4
Bietry_1.11	GH	22
Bietry_1.11	GT	72
Bietry_1.11	PL	2
Bietry_1.4	AA	2
Bietry_1.4	CBM	4
Bietry_1.4	CE	5
Bietry_1.4	GH	17
Bietry_1.4	GT	12
Bietry_1.6	AA	4
Bietry_1.6	CBM	1
Bietry_1.6	CE	2
Bietry_1.6	GH	18
Bietry_1.6	GT	30
Bietry_1.8	AA	4
Bietry_1.8	CE	3
Bietry_1.8	GH	6
Bietry_1.8	GT	13
Bietry_2.20	AA	13
Bietry_2.20	CBM	2
Bietry_2.20	CE	7
Bietry_2.20	GH	34
Bietry_2.20	GT	50
Bietry_2.21	AA	3
Bietry_2.21	CBM	1
Bietry_2.21	CE	10
Bietry_2.21	GH	15
Bietry_2.21	GT	54
Bietry_2.21	PL	2
Bietry_2.8	AA	4
Bietry_2.8	CE	1
Bietry_2.8	GH	6
Bietry_2.8	GT	8
Bietry_3.10	AA	2
Bietry_3.10	CBM	3
Bietry_3.10	CE	8
Bietry_3.10	GH	18
Bietry_3.10	GT	30
Bietry_3.15	AA	1
Bietry_3.15	CBM	7
Bietry_3.15	CE	9
Bietry_3.15	GH	36
Bietry_3.15	GT	27
Bietry_3.17	AA	3
Bietry_3.17	CBM	1
Bietry_3.17	CE	5
Bietry_3.17	GH	9
Bietry_3.17	GT	15
Bietry_3.19	CE	5
Bietry_3.19	GH	5
Bietry_3.19	GT	11
Bietry_3.26	AA	7
Bietry_3.26	CBM	2
Bietry_3.26	CE	5
Bietry_3.26	GH	30
Bietry_3.26	GT	24
Bietry_3.3	AA	2
Bietry_3.3	GH	8
Bietry_3.3	GT	7
Bietry_3.36	AA	1
Bietry_3.36	GT	4
Bietry_3.40	AA	7
Bietry_3.40	CE	6
Bietry_3.40	GH	18
Bietry_3.40	GT	24
Bietry_3.5	CBM	2
Bietry_3.5	CE	2
Bietry_3.5	GH	12
Bietry_3.5	GT	13
Bietry_3.6	CBM	1
Bietry_3.6	CE	2
Bietry_3.6	GH	8
Bietry_3.6	GT	11
Bietry_3.9	AA	5
Bietry_3.9	CBM	3
Bietry_3.9	CE	13
Bietry_3.9	GH	24
Bietry_3.9	GT	36
Kassembie_1.3	AA	12
Kassembie_1.3	CE	16
Kassembie_1.3	GH	46
Kassembie_1.3	GT	57
Kassembie_1.3	PL	4
Kassembie_2.10	AA	7
Kassembie_2.10	CE	1
Kassembie_2.10	GH	6
Kassembie_2.10	GT	51
Kassembie_2.13	AA	6
Kassembie_2.13	CBM	1
Kassembie_2.13	CE	8
Kassembie_2.13	GH	16
Kassembie_2.13	GT	37
Kassembie_2.16	AA	10
Kassembie_2.16	CE	7
Kassembie_2.16	GH	15
Kassembie_2.16	GT	20
Kassembie_2.19	CBM	5
Kassembie_2.19	CE	4
Kassembie_2.19	GH	18
Kassembie_2.19	GT	40
Kassembie_2.19	PL	2
Kassembie_2.2	AA	1
Kassembie_2.2	CBM	3
Kassembie_2.2	CE	14
Kassembie_2.2	GH	29
Kassembie_2.2	GT	42
Kassembie_2.20	AA	5
Kassembie_2.20	CBM	3
Kassembie_2.20	CE	6
Kassembie_2.20	GH	32
Kassembie_2.20	GT	26
Kassembie_2.20	PL	1
Kassembie_2.21	AA	4
Kassembie_2.21	CBM	10
Kassembie_2.21	CE	9
Kassembie_2.21	GH	95
Kassembie_2.21	GT	48
Kassembie_2.24	AA	3
Kassembie_2.24	CBM	11
Kassembie_2.24	CE	26
Kassembie_2.24	GH	85
Kassembie_2.24	GT	72
Kassembie_2.24	PL	4
Kassembie_2.25	AA	2
Kassembie_2.25	CBM	2
Kassembie_2.25	CE	8
Kassembie_2.25	GH	24
Kassembie_2.25	GT	72
Kassembie_2.28	AA	10
Kassembie_2.28	CBM	2
Kassembie_2.28	CE	5
Kassembie_2.28	GH	16
Kassembie_2.28	GT	30
Kassembie_2.28	PL	2
Kassembie_2.29	AA	4
Kassembie_2.29	CE	3
Kassembie_2.29	GH	11
Kassembie_2.29	GT	31
Kassembie_2.30	AA	7
Kassembie_2.30	CBM	3
Kassembie_2.30	CE	18
Kassembie_2.30	GH	31
Kassembie_2.30	GT	49
Kassembie_2.30	PL	1
Kassembie_2.32	AA	8
Kassembie_2.32	CBM	8
Kassembie_2.32	CE	18
Kassembie_2.32	GH	43
Kassembie_2.32	GT	35
Kassembie_2.33	AA	3
Kassembie_2.33	GH	5
Kassembie_2.33	GT	23
Kassembie_2.35	AA	3
Kassembie_2.35	CE	2
Kassembie_2.35	GH	5
Kassembie_2.35	GT	17
Kassembie_2.36	AA	1
Kassembie_2.36	CBM	3
Kassembie_2.36	CE	2
Kassembie_2.36	GH	15
Kassembie_2.36	GT	12
Kassembie_2.39	AA	13
Kassembie_2.39	CBM	3
Kassembie_2.39	CE	12
Kassembie_2.39	GH	32
Kassembie_2.39	GT	47
Kassembie_2.39	PL	2
Kassembie_2.4	AA	4
Kassembie_2.4	CE	2
Kassembie_2.4	GH	6
Kassembie_2.4	GT	18
Kassembie_2.43	AA	3
Kassembie_2.43	CE	2
Kassembie_2.43	GH	5
Kassembie_2.43	GT	18
Kassembie_2.48	AA	5
Kassembie_2.48	CE	4
Kassembie_2.48	GH	6
Kassembie_2.48	GT	19
Kassembie_2.49	AA	9
Kassembie_2.49	CBM	1
Kassembie_2.49	CE	5
Kassembie_2.49	GH	26
Kassembie_2.49	GT	45
Kassembie_2.5	AA	1
Kassembie_2.5	CE	1
Kassembie_2.5	GH	6
Kassembie_2.5	GT	10
Kassembie_2.51	CBM	5
Kassembie_2.51	CE	13
Kassembie_2.51	GH	22
Kassembie_2.51	GT	26
Kassembie_2.51	PL	2
Kassembie_2.52	AA	3
Kassembie_2.52	CBM	2
Kassembie_2.52	CE	6
Kassembie_2.52	GH	29
Kassembie_2.52	GT	32
Kassembie_2.53	AA	3
Kassembie_2.53	CBM	7
Kassembie_2.53	CE	13
Kassembie_2.53	GH	57
Kassembie_2.53	GT	74
Kassembie_2.53	PL	1
Kassembie_2.55	AA	6
Kassembie_2.55	CBM	6
Kassembie_2.55	CE	8
Kassembie_2.55	GH	67
Kassembie_2.55	GT	32
Kassembie_2.7	AA	4
Kassembie_2.7	CE	8
Kassembie_2.7	GH	21
Kassembie_2.7	GT	32
Kassembie_2.8	AA	1
Kassembie_2.8	CBM	15
Kassembie_2.8	CE	24
Kassembie_2.8	GH	131
Kassembie_2.8	GT	80
Kassembie_2.8	PL	6
Kassembie_2.9	AA	2
Kassembie_2.9	CBM	3
Kassembie_2.9	CE	7
Kassembie_2.9	GH	58
Kassembie_2.9	GT	39
Kassembie_2.9	PL	1
