bin,site,samples_tested,detected_own,detected_other,tested_other,site_exclusive
Bietry_1.1,Bietry,3,2,0,1,TRUE
Bietry_1.10,Bietry,3,2,0,1,TRUE
Bietry_1.11,Bietry,3,1,0,1,TRUE
Bietry_1.12,Bietry,3,1,0,1,TRUE
Bietry_1.13,Bietry,3,2,0,1,TRUE
Bietry_1.14,Bietry,3,2,0,1,TRUE
Bietry_1.15,Bietry,3,2,0,1,TRUE
Bietry_1.16,Bietry,3,2,0,1,TRUE
Bietry_1.17,Bietry,3,2,0,1,TRUE
Bietry_1.18,Bietry,3,2,0,1,TRUE
Bietry_1.19,Bietry,3,2,0,1,TRUE
Bietry_1.2,Bietry,3,2,0,1,TRUE
Bietry_1.20,Bietry,3,2,0,1,TRUE
Bietry_1.21,Bietry,3,2,0,1,TRUE
Bietry_1.22,Bietry,3,2,0,1,TRUE
Bietry_1.23,Bietry,3,1,0,1,TRUE
Bietry_1.3,Bietry,3,2,0,1,TRUE
Bietry_1.4,Bietry,3,2,0,1,TRUE
Bietry_1.5,Bietry,3,2,0,1,TRUE
Bietry_1.6,Bietry,3,2,0,1,TRUE
Bietry_1.7,Bietry,3,1,0,1,TRUE
Bietry_1.8,Bietry,3,2,0,1,TRUE
Bietry_1.9,Bietry,3,2,0,1,TRUE
Bietry_2.1,Bietry,3,1,0,1,TRUE
Bietry_2.10,Bietry,3,2,0,1,TRUE
Bietry_2.11,Bietry,3,1,0,1,TRUE
Bietry_2.12,Bietry,3,2,0,1,TRUE
Bietry_2.13,Bietry,3,2,0,1,TRUE
Bietry_2.14,Bietry,3,1,0,1,TRUE
Bietry_2.15,Bietry,3,2,0,1,TRUE
Bietry_2.16,Bietry,3,2,0,1,TRUE
Bietry_2.17,Bietry,3,2,0,1,TRUE
Bietry_2.18,Bietry,3,2,0,1,TRUE
Bietry_2.19,Bietry,3,2,0,1,TRUE
Bietry_2.2,Bietry,3,2,0,1,TRUE
Bietry_2.20,Bietry,3,2,0,1,TRUE
Bietry_2.21,Bietry,3,1,0,1,TRUE
Bietry_2.22,Bietry,3,2,0,1,TRUE
Bietry_2.23,Bietry,3,2,0,1,TRUE
Bietry_2.24,Bietry,3,1,0,1,TRUE
Bietry_2.25,Bietry,3,2,0,1,TRUE
Bietry_2.26,Bietry,3,2,0,1,TRUE
Bietry_2.27,Bietry,3,2,0,1,TRUE
Bietry_2.28,Bietry,3,2,0,1,TRUE
Bietry_2.29,Bietry,3,2,0,1,TRUE
Bietry_2.3,Bietry,3,2,0,1,TRUE
Bietry_2.30,Bietry,3,2,0,1,TRUE
Bietry_2.31,Bietry,3,2,0,1,TRUE
Bietry_2.32,Bietry,3,2,0,1,TRUE
Bietry_2.33,Bietry,3,1,0,1,TRUE
Bietry_2.4,Bietry,3,2,0,1,TRUE
Bietry_2.5,Bietry,3,2,0,1,TRUE
Bietry_2.6,Bietry,3,2,0,1,TRUE
Bietry_2.7,Bietry,3,2,0,1,TRUE
Bietry_2.8,Bietry,3,2,0,1,TRUE
Bietry_2.9,Bietry,3,1,0,1,TRUE
Bietry_3.1,Bietry,2,1,0,1,TRUE
Bietry_3.10,Bietry,2,1,0,1,TRUE
Bietry_3.11,Bietry,2,1,0,1,TRUE
Bietry_3.12,Bietry,2,1,0,1,TRUE
Bietry_3.13,Bietry,2,1,0,1,TRUE
Bietry_3.14,Bietry,2,1,0,1,TRUE
Bietry_3.15,Bietry,2,1,0,1,TRUE
Bietry_3.16,Bietry,2,1,0,1,TRUE
Bietry_3.17,Bietry,2,1,0,1,TRUE
Bietry_3.18,Bietry,2,1,0,1,TRUE
Bietry_3.19,Bietry,2,1,0,1,TRUE
Bietry_3.2,Bietry,2,1,1,1,FALSE
Bietry_3.20,Bietry,2,1,0,1,TRUE
Bietry_3.21,Bietry,2,1,0,1,TRUE
Bietry_3.22,Bietry,2,1,0,1,TRUE
Bietry_3.23,Bietry,2,1,0,1,TRUE
Bietry_3.24,Bietry,2,1,0,1,TRUE
Bietry_3.25,Bietry,2,1,0,1,TRUE
Bietry_3.26,Bietry,2,1,0,1,TRUE
Bietry_3.27,Bietry,2,1,1,1,FALSE
Bietry_3.28,Bietry,2,1,0,1,TRUE
Bietry_3.29,Bietry,2,1,0,1,TRUE
Bietry_3.3,Bietry,2,1,0,1,TRUE
Bietry_3.30,Bietry,2,1,0,1,TRUE
Bietry_3.31,Bietry,2,1,0,1,TRUE
Bietry_3.32,Bietry,2,1,0,1,TRUE
Bietry_3.33,Bietry,2,1,0,1,TRUE
Bietry_3.34,Bietry,2,1,0,1,TRUE
Bietry_3.35,Bietry,2,1,0,1,TRUE
Bietry_3.36,Bietry,2,1,1,1,FALSE
Bietry_3.37,Bietry,2,1,0,1,TRUE
Bietry_3.38,Bietry,2,1,1,1,FALSE
Bietry_3.39,Bietry,2,1,0,1,TRUE
Bietry_3.4,Bietry,2,1,0,1,TRUE
Bietry_3.40,Bietry,2,1,0,1,TRUE
Bietry_3.41,Bietry,2,1,0,1,TRUE
Bietry_3.42,Bietry,2,1,1,1,FALSE
Bietry_3.5,Bietry,2,1,0,1,TRUE
Bietry_3.6,Bietry,2,1,0,1,TRUE
Bietry_3.7,Bietry,2,1,0,1,TRUE
Bietry_3.8,Bietry,2,1,1,1,FALSE
Bietry_3.9,Bietry,2,1,1,1,FALSE
Kassembie_1.1,Kassembie,3,1,0,2,TRUE
Kassembie_1.2,Kassembie,3,1,0,2,TRUE
Kassembie_1.3,Kassembie,3,1,0,2,TRUE
Kassembie_1.4,Kassembie,3,1,0,2,TRUE
Kassembie_1.5,Kassembie,3,1,0,2,TRUE
Kassembie_1.6,Kassembie,3,1,0,2,TRUE
Kassembie_2.1,Kassembie,2,1,0,1,TRUE
Kassembie_2.10,Kassembie,2,1,0,1,TRUE
Kassembie_2.11,Kassembie,2,1,0,1,TRUE
Kassembie_2.12,Kassembie,2,1,0,1,TRUE
Kassembie_2.13,Kassembie,2,1,0,1,TRUE
Kassembie_2.14,Kassembie,2,1,1,1,FALSE
Kassembie_2.15,Kassembie,2,1,0,1,TRUE
Kassembie_2.16,Kassembie,2,1,1,1,FALSE
Kassembie_2.17,Kassembie,2,1,0,1,TRUE
Kassembie_2.18,Kassembie,2,1,0,1,TRUE
Kassembie_2.19,Kassembie,2,1,0,1,TRUE
Kassembie_2.2,Kassembie,2,1,0,1,TRUE
Kassembie_2.20,Kassembie,2,1,1,1,FALSE
Kassembie_2.21,Kassembie,2,1,0,1,TRUE
Kassembie_2.22,Kassembie,2,1,0,1,TRUE
Kassembie_2.23,Kassembie,2,1,0,1,TRUE
Kassembie_2.24,Kassembie,2,1,0,1,TRUE
Kassembie_2.25,Kassembie,2,1,0,1,TRUE
Kassembie_2.26,Kassembie,2,1,0,1,TRUE
Kassembie_2.27,Kassembie,2,1,0,1,TRUE
Kassembie_2.28,Kassembie,2,1,0,1,TRUE
Kassembie_2.29,Kassembie,2,1,0,1,TRUE
Kassembie_2.3,Kassembie,2,1,0,1,TRUE
Kassembie_2.30,Kassembie,2,1,0,1,TRUE
Kassembie_2.31,Kassembie,2,1,0,1,TRUE
Kassembie_2.32,Kassembie,2,1,0,1,TRUE
Kassembie_2.33,Kassembie,2,1,0,1,TRUE
Kassembie_2.34,Kassembie,2,1,0,1,TRUE
Kassembie_2.35,Kassembie,2,1,0,1,TRUE
Kassembie_2.36,Kassembie,2,1,0,1,TRUE
Kassembie_2.37,Kassembie,2,1,0,1,TRUE
Kassembie_2.38,Kassembie,2,1,0,1,TRUE
Kassembie_2.39,Kassembie,2,1,0,1,TRUE
Kassembie_2.4,Kassembie,2,1,0,1,TRUE
Kassembie_2.40,Kassembie,2,1,0,1,TRUE
Kassembie_2.41,Kassembie,2,1,0,1,TRUE
Kassembie_2.42,Kassembie,2,1,0,1,TRUE
Kassembie_2.43,Kassembie,2,1,0,1,TRUE
Kassembie_2.44,Kassembie,2,1,0,1,TRUE
Kassembie_2.45,Kassembie,2,1,0,1,TRUE
Kassembie_2.46,Kassembie,2,1,0,1,TRUE
Kassembie_2.47,Kassembie,2,1,0,1,TRUE
Kassembie_2.48,Kassembie,2,1,0,1,TRUE
Kassembie_2.49,Kassembie,2,1,0,1,TRUE
Kassembie_2.5,Kassembie,2,1,0,1,TRUE
Kassembie_2.50,Kassembie,2,1,0,1,TRUE
Kassembie_2.51,Kassembie,2,1,0,1,TRUE
Kassembie_2.52,Kassembie,2,1,0,1,TRUE
Kassembie_2.53,Kassembie,2,1,0,1,TRUE
Kassembie_2.54,Kassembie,2,1,0,1,TRUE
Kassembie_2.55,Kassembie,2,1,0,1,TRUE
Kassembie_2.56,Kassembie,2,1,0,1,TRUE
Kassembie_2.6,Kassembie,2,1,0,1,TRUE
Kassembie_2.7,Kassembie,2,1,0,1,TRUE
Kassembie_2.8,Kassembie,2,1,0,1,TRUE
Kassembie_2.9,Kassembie,2,1,0,1,TRUE
