phylum,family,genus,species,SGB,mean_polluted,mean_control,LFC
p__Pseudomonadota,f__Moraxellaceae,g__Psychrobacter,s__Psychrobacter_sanguinis,t__SGB10445,12.755383333333334,0,13.63893173634363
p__Pseudomonadota,f__Moraxellaceae,g__Psychrobacter,s__Psychrobacter_maritimus,t__SGB36487,3.867953333333333,0,11.917727612002377
p__Pseudomonadota,f__Moraxellaceae,g__Psychrobacter,s__Psychrobacter_sp_Ps6,t__SGB109964,2.1573033333333336,0,11.075681923696713
p__Bacteroidota,f__Flavobacteriaceae,g__Aequorivita,s__Aequorivita_SGB21798,t__SGB21798,1.4057199999999999,0,10.458119481174506
p__Bacteroidota,f__Flavobacteriaceae,g__Mesoflavibacter,s__Mesoflavibacter_zeaxanthinifaciens,t__SGB21779,1.3144200000000001,0,10.361307795337824
p__Pseudomonadota,f__Moraxellaceae,g__Psychrobacter,s__Psychrobacter_sanguinis,t__SGB10442,1.2308466666666666,0,10.266606973319316
p__Firmicutes,f__Bacillales_unclassified,g__Exiguobacterium,s__Exiguobacterium_sp_s22,t__SGB94591,1.2137,0,10.246384333510251
p__Pseudomonadota,f__Moraxellaceae,g__Psychrobacter,s__Psychrobacter_pasteurii,t__SGB10444,8.345933333333333,0.006055,10.208384450033318
p__Actinomycetota,f__Dietziaceae,g__Dietzia,s__Dietzia_kunjamensis,t__SGB15765,0.8477,0,9.729110867230046
p__Actinomycetota,f__FGB13567,g__GGB136195,s__GGB136195_SGB86552,t__SGB86552,0.56536,0,9.145575566354822
p__Pseudomonadota,f__Moraxellaceae,g__Psychrobacter,s__Psychrobacter_alimentarius,t__SGB10455,0.5035166666666667,0,8.978758119205828
p__Firmicutes,f__Bacillales_unclassified,g__Exiguobacterium,s__Exiguobacterium_aestuarii,t__SGB29990,0.46362333333333333,0,8.859917797729022
p__Pseudomonadota,f__Moraxellaceae,g__Psychrobacter,s__Psychrobacter_fozii,t__SGB23001,0.45875333333333335,0,8.84471622437069
p__Pseudomonadota,f__Moraxellaceae,g__Acinetobacter,s__Acinetobacter_SGB66365,t__SGB66365,0.4556533333333334,0,8.834955554028848
p__Bacteroidota,f__Flavobacteriaceae,g__Aequorivita,s__Aequorivita_aquimaris,t__SGB2715,0.44336,0,8.79558514511806
p__Planctomycetota,f__FGB25759,g__GGB45133,s__GGB45133_SGB62646,t__SGB62646,0.43362666666666666,0,8.763632884053482
p__Pseudomonadota,f__Moraxellaceae,g__Psychrobacter,s__Psychrobacter_immobilis,t__SGB10451,15.90813,0.036945,8.711729433153216
p__Pseudomonadota,f__Moraxellaceae,g__Psychrobacter,s__Psychrobacter_sp_APC_3426,t__SGB99643,0.4173233333333333,0,8.708474660970735
p__Pseudomonadota,f__Erythrobacteraceae,g__Altererythrobacter,s__Altererythrobacter_epoxidivorans,t__SGB11489,0.36673333333333336,0,8.522516145905461
p__Bacteroidota,f__Flavobacteriaceae,g__Mesoflavibacter,s__Mesoflavibacter_SGB92152,t__SGB92152,0.3561766666666666,0,8.480494026158235
p__Pseudomonadota,f__Moraxellaceae,g__Psychrobacter,s__Psychrobacter_immobilis,t__SGB10459,3.06316,0.008035,8.405751315423798
p__Pseudomonadota,f__Paracoccaceae,g__Defluviimonas,s__Defluviimonas_nitratireducens,t__SGB181711,0.33763000000000004,0,8.403565980297103
p__Firmicutes,f__Bacillales_unclassified,g__Exiguobacterium,s__Exiguobacterium_profundum,t__SGB8320,0.32249333333333335,0,8.337592170721893
p__Pseudomonadota,f__Moraxellaceae,g__Psychrobacter,s__Psychrobacter_faecalis,t__SGB10464,0.3064533333333333,0,8.264223638022303
p__Pseudomonadota,f__Paracoccaceae,g__Paracoccus,s__Paracoccus_homiensis,t__SGB10712,0.30606333333333335,0,8.262392439058932
p__Actinomycetota,f__Micrococcaceae,g__Micrococcus,s__Micrococcus_endophyticus,t__SGB16677,0.30327333333333334,0,8.249224090654659
p__Firmicutes,f__Bacillales_unclassified,g__Exiguobacterium,s__Exiguobacterium_sp_s146,t__SGB94588,0.28951,0,8.182444015029665
p__Pseudomonadota,f__Erythrobacteraceae,g__Qipengyuania,s__Qipengyuania_aerophila,t__SGB11491,0.28584666666666664,0,8.164135942865142
p__Bacteroidota,f__Flavobacteriaceae,g__Tenacibaculum,s__Tenacibaculum_sp_L6,t__SGB196021,0.2705666666666667,0,8.08516259724412
p__Pseudomonadota,f__Roseobacteraceae,g__Celeribacter,s__Celeribacter_ethanolicus,t__SGB10876,0.23892000000000002,0,7.906409617094016
p__Pseudomonadota,f__Moraxellaceae,g__Psychrobacter,s__Psychrobacter_sp_bablab_jr012,t__SGB92566,0.22357000000000002,0,7.811021402722442
p__Pseudomonadota,f__Paracoccaceae,g__Thioclava,s__Thioclava_marina,t__SGB10702,0.20706000000000002,0,7.700855820160289
p__Pseudomonadota,f__Moraxellaceae,g__Psychrobacter,s__Psychrobacter_celer,t__SGB10449,20.781296666666666,0.09949,7.692159343585118
p__Pseudomonadota,f__Erythrobacteraceae,g__Qipengyuania,s__Qipengyuania_aquimaris,t__SGB111660,0.19834666666666667,0,7.639135671590151
p__Pseudomonadota,f__Paracoccaceae,g__Thioclava,s__Thioclava_nitratireducens,t__SGB10699,0.19320666666666667,0,7.6014489157731076
p__Pseudomonadota,f__Erythrobacteraceae,g__Qipengyuania,s__Qipengyuania_flava,t__SGB11494,0.1837133333333333,0,7.529144199243961
p__Pseudomonadota,f__Paracoccaceae,g__Thioclava,s__Thioclava_electrotropha,t__SGB10700,0.17908333333333334,0,7.492520856138351
p__Pseudomonadota,f__Roseobacteraceae,g__Alloyangia,s__Alloyangia_pacifica,t__SGB24257,0.17039666666666667,0,7.421195241872558
p__Firmicutes,f__Peptostreptococcaceae,g__Paraclostridium,s__Paraclostridium_bifermentans,t__SGB6144,0.16962666666666668,0,7.41469932799764
p__Pseudomonadota,f__Erythrobacteraceae,g__Qipengyuania,s__Qipengyuania_aestuarii,t__SGB111651,0.16046666666666667,0,7.3350925540858105
p__Pseudomonadota,f__Moraxellaceae,g__Psychrobacter,s__Psychrobacter_pacificensis,t__SGB10450,10.009316666666665,0.06303,7.288523887854003
p__Bacteroidota,f__Flavobacteriaceae,g__Mesoflavibacter,s__Mesoflavibacter_profundi,t__SGB21778,0.14865,0,7.225448468610739
p__Firmicutes,f__Bacillaceae,g__Lysinibacillus,s__Lysinibacillus_capsici,t__SGB7494,0.13771999999999998,0,7.11603199344711
p__Pseudomonadota,f__Paracoccaceae,g__Paracoccus,s__Paracoccus_indicus,t__SGB31423,1.7260966666666666,0.011855,7.069875413261944
p__Pseudomonadota,f__Roseobacteraceae,g__GGB43318,s__GGB43318_SGB138064,t__SGB138064,0.12520666666666666,0,6.9796443101816195
p__Actinomycetota,f__Dermabacteraceae,g__Brachybacterium,s__Brachybacterium_paraconglomeratum,t__SGB16648,0.1213,0,6.9342805936400245
p__Firmicutes,f__Bacillaceae,g__Bacillus,s__Bacillus_sp_RAR_GA_16,t__SGB109758,0.12033333333333333,0,6.92283213947754
p__Actinomycetota,f__Miltoncostaeaceae,g__GGB64250,s__GGB64250_SGB86667,t__SGB86667,0.12026666666666667,0,6.922039232042968
