taxon,Bietry_1,Bietry_2,Bietry_3,Kassembie_1,Kassembie_2,total
Psychrobacter celer,16.14696,22.87474,23.32219,0,0.19898,62.54287
Psychrobacter immobilis,32.08791,10.21275,14.68986,0,0.08996,57.08048
Psychrobacter sanguinis,12.19659,25.00864,4.75346,0,0,41.95869
Psychrobacter pacificensis,8.95103,5.35932,15.7176,0,0.12606,30.15401
Acinetobacter pittii,0,0,0.01013,0,28.56588,28.57601
Psychrobacter pasteurii,11.27913,4.91351,8.84516,0,0.01211,25.04991
GGB65997 SGB89404,0,0,0,18.19281,0,18.19281
Pseudomonas bananamidigenes,0,0,0,0,17.38824,17.38824
Stenotrophomonas maltophilia,0,0,0,0,16.92399,16.92399
GGB72035 SGB133334,0,0,0,14.53139,0,14.53139
GGB66000 SGB89407,0,0,0,12.48023,0,12.48023
Psychrobacter maritimus,3.89483,4.12395,3.58508,0,0,11.60386
Pseudomonas nitroreducens,0,0,0,0,9.69137,9.69137
GGB93887 SGB129746,0,0,0,8.9062,0,8.9062
Sphingomonas paucimobilis,0,0,0,0,7.40256,7.40256
Psychrobacter sp Ps6,4.30278,1.2204,0.94873,0,0,6.47191
GGB91362 SGB134782,0,0,0,6.11485,0,6.11485
GGB65999 SGB89406,0,0,0,5.61923,0,5.61923
Paracoccus indicus,0.03392,0.33445,4.80992,0,0.02371,5.202
Paraburkholderia tropica,0,0,0,4.80433,0.02543,4.82976
Aequorivita SGB21798,0.01346,1.93698,2.26672,0,0,4.21716
Mesoflavibacter zeaxanthinifaciens,0.05521,3.88005,0.008,0,0,3.9432600000000004
Exiguobacterium sp s22,3.3285,0.22104,0.09156,0,0,3.6411
Curvibacter gracilis,0,0,0,0,3.39111,3.39111
GGB66219 SGB89725,0,0,0,3.10965,0,3.10965
Paraburkholderia mimosarum,0,0,0,2.97439,0,2.97439
Paraburkholderia unamae,0,0,0,2.83193,0,2.83193
Dietzia kunjamensis,0.0101,0.16161,2.37139,0,0,2.5431
GGB64396 SGB129711,0,0,0,2.36536,0,2.36536
Leifsonia shinshuensis,0,0,0,1.40054,0.81317,2.21371
Pseudomonas sp GCEP 101,0,0,0,0,2.17751,2.17751
Sinomonas atrocyanea,0,0,0,2.10929,0,2.10929
Pseudomonas vanderleydeniana,0,0,0,0,1.82802,1.82802
GGB136195 SGB86552,0,0,1.69608,0,0,1.69608
GGB95786 SGB125685,0,0,0,1.69309,0,1.69309
Psychrobacter alimentarius,0.05804,1.19196,0.26055,0,0,1.5105499999999998
Pseudomonas asiatica,0,0,0,0,1.46118,1.46118
Exiguobacterium aestuarii,0.80699,0.42215,0.16173,0,0,1.39087
Psychrobacter fozii,0.14534,0.87472,0.3562,0,0,1.37626
Acinetobacter SGB66365,0.28142,0.39188,0.69366,0,0,1.3669600000000002
Pseudomonas haemolytica,0,0,0,0,1.33862,1.33862
Aequorivita aquimaris,0.00388,0.90555,0.42065,0,0,1.33008
GGB45133 SGB62646,0.03298,0.02685,1.24105,0,0,1.30088
Psychrobacter sp APC 3426,0.57904,0.25771,0.41522,0,0,1.25197
Heyndrickxia acidicola,0,0,0,1.24959,0,1.24959
GGB64188 SGB86601,0,0,0,1.2335,0,1.2335
GGB61685 SGB127484,0,0,0,1.14766,0,1.14766
Cupriavidus pauculus,0,0,0,0,1.12728,1.12728
Altererythrobacter epoxidivorans,0.00938,0.83781,0.25301,0,0,1.1002
Mesoflavibacter SGB92152,0.05984,0.99962,0.00907,0,0,1.06853
GGB93629 SGB173533,0,0,0,1.06754,0,1.06754
Defluviimonas nitratireducens,0.17882,0.50756,0.32651,0,0,1.01289
Exiguobacterium profundum,0.84332,0.01453,0.10963,0,0,0.96748
GGB93990 SGB129990,0,0,0,0.96213,0,0.96213
Psychrobacter faecalis,0.20081,0.11223,0.60632,0,0,0.91936
Paracoccus homiensis,0.03254,0.7117,0.17395,0,0,0.91819
Micrococcus endophyticus,0.04782,0.12846,0.73354,0,0,0.90982
Exiguobacterium sp s146,0,0.86602,0.00251,0,0,0.86853
Qipengyuania aerophila,0,0.27143,0.58611,0,0,0.85754
Acinetobacter junii,0,0,0,0,0.83059,0.83059
Tenacibaculum sp L6,0.14241,0.5554,0.11389,0,0,0.8117
Celeribacter ethanolicus,0.05776,0.6554,0.0036,0,0,0.71676
GGB93454 SGB132005,0,0,0,0.6985,0,0.6985
Qipengyuania aquimaris,0,0.5574,0.11983,0,0,0.67723
Psychrobacter sp bablab jr012,0.24113,0.35015,0.07943,0,0,0.67071
GGB66014 SGB133091,0,0,0,0.64651,0,0.64651
Thioclava marina,0.00342,0.60872,0.00904,0,0,0.6211800000000001
Sphingobium yanoikuyae,0,0,0,0,0.59336,0.59336
Thioclava nitratireducens,0,0.57962,0,0,0,0.57962
Qipengyuania flava,0,0.14992,0.41055,0,0,0.56047
Paraburkholderia sp Tr 20389,0,0,0,0.55541,0,0.55541
Thioclava electrotropha,0.02159,0.51474,9.2e-4,0,0,0.53725
Alloyangia pacifica,0.00832,0.45407,0.07096,0,0,0.53335
Paraclostridium bifermentans,0.50888,0,0,0,0,0.50888
Qipengyuania aestuarii,0.00231,0.0563,0.42279,0,0,0.4814
GGB93475 SGB132078,0,0,0,0.46238,0,0.46238
Paraburkholderia sp HD33 4,0,0,0,0.46202,0,0.46202
Mesoflavibacter profundi,0.027,0.40199,0.01696,0,0,0.44595
Comamonas testosteroni,0,0,0,0,0.41774,0.41774
Lysinibacillus capsici,0.36956,0.0436,0,0,0,0.41315999999999997
Massilia norwichensis,0,0,0,0,0.41088,0.41088
GGB89966 SGB126829,0,0,0,0.40432,0,0.40432
Neobacillus massiliamazoniensis,0,0,0,0.39507,0,0.39507
GGB43318 SGB138064,0.00136,0,0.37426,0,0,0.37561999999999995
Brachybacterium paraconglomeratum,0,0,0.3639,0,0,0.3639
Bacillus sp RAR GA 16,0.00336,0.33249,0.02515,0,0,0.361
GGB64250 SGB86667,0.00441,0.00269,0.3537,0,0,0.3608
Acinetobacter ursingii,0,0,0,0,0.34987,0.34987
Enterobacter roggenkampii,0,0,0,0,0.33765,0.33765
Pantoea rwandensis,0,0,0,0,0.31552,0.31552
GGB37354 SGB56640,0,0,0,0.31051,0,0.31051
Mesobacillus jeotgali,0.18537,0.11704,0,0,0,0.30241
Aequorivita sinensis,0,0.04929,0.24668,0,0,0.29597
Microbacterium paraoxydans,0,3.3e-4,0.29523,0,0,0.29556
Polynucleobacter sp HIN8,0,0,0,0,0.29542,0.29542
GGB43317 SGB60623,0,0,0.29501,0,0,0.29501
Massilia terrae,0,0,0,0.29398,0,0.29398
Qipengyuania proteolytica,0.00214,0.20832,0.08063,0,0,0.29109
Bacillus enclensis,0.0275,0.25621,0.00711,0,0,0.29081999999999997
Acinetobacter johnsonii,0,0,0,0,0.28683,0.28683
Paracoccus sediminilitoris,0,0,0.28307,0,0,0.28307
Celeribacter sp HF31,0.1045,0.01235,0.16459,0,0,0.28143999999999997
Marinifilum fragile,0.28051,0,0,0,0,0.28051
Paracoccus zeaxanthinifaciens,0.06518,0.1913,0.02294,0,0,0.27942
Crenobacter oryzisoli,0,0,0,0.27771,0,0.27771
Psychrobacter piechaudii,0.10694,0.036,0.13345,0,0,0.27639
Streptomyces sp PsTaAH 130,0,0,0,0,0.27129,0.27129
Brachybacterium aquaticum,0.00135,6.9e-4,0.26817,0,0,0.27021
Psychrobacter arenosus,0.0169,0.22646,0.02555,0,0,0.26891
GGB90662 SGB127188,0,0,0,0.26776,0,0.26776
Psychrobacter submarinus,0.01649,0.02519,0.22095,0,0,0.26263000000000003
Herbaspirillum aquaticum,0,0,0,0,0.26239,0.26239
Cytobacillus oceanisediminis,0.1497,0.11046,0.00122,0,0,0.26138
Planococcus plakortidis,0.01591,0.19972,0.0245,0,0,0.24013
Acetoanaerobium noterae,0.23965,0,0,0,0,0.23965
GGB92565 SGB133354,0,0,0,0.22972,0,0.22972
Psychrobacter cryohalolentis,0.03749,0.089,0.10081,0,0,0.2273
Mesobacillus selenatarsenatis,0.0501,0.17409,0,0,0,0.22419
Meridianimaribacter flavus,0.00329,0.20622,0.00759,0,0,0.2171
Loktanella sp 3ANDIMAR09,0,0,0.21183,0,0,0.21183
GGB88573 SGB124808,0,0,0,0.1997,0,0.1997
Leeuwenhoekiella nanhaiensis,0,0.09032,0.10888,0,0,0.1992
Terrisporobacter hibernicus,0.19794,0,0,0,0,0.19794
Xanthomarina gelatinilytica,0,0.17481,0.0226,0,0,0.19741
Marilutibacter spongiae,0,0.15175,0.0433,0,0,0.19505
Exiguobacterium alkaliphilum,0.03424,0.14569,0.01463,0,0,0.19455999999999998
Rossellomorea vietnamensis,0.01875,0.16588,0,0,0,0.18463
Ornithinimicrobium kibberense,0.00131,0.01432,0.16671,0,0,0.18234
Deinococcus aquiradiocola,0,0,0,0,0.17936,0.17936
Microbacterium esteraromaticum,0,0.17588,8.5e-4,0,0,0.17673
GGB93529 SGB132218,0,0,0,0.17057,0,0.17057
Pandoraea sputorum,0,0,0,0,0.16989,0.16989
Aquitalea pelogenes,0,0,0,0,0.15514,0.15514
Proteiniclasticum aestuarii,0.15055,0,0,0,0,0.15055
Priestia megaterium,0,0.14874,0,0,0,0.14874
Delftia acidovorans,0,0,0,0,0.1466,0.1466
Novosphingobium pokkalii,0,0,0,0,0.14462,0.14462
Paenirhodobacter sp CAU 1674,0.009,0.12692,0.00422,0,0,0.14014000000000001
Paracoccus maritimus,0,0.06606,0.0738,0,0,0.13985999999999998
Salinicoccus roseus,0,0,0.13968,0,0,0.13968
Curtobacterium citreum,0,0,0,0,0.13771,0.13771
Marivivens SGB10879,0,0,0.13688,0,0,0.13688
Rossellomorea aquimaris,0.01864,0.112,6.2e-4,0,0,0.13126000000000002
Vagococcus fluvialis,0.12874,0,0,0,0,0.12874
GGB31920 SGB55883,0,0,0.12682,0,0,0.12682
Trebonia kvetii,0,0,0,0.12594,0,0.12594
Marinobacter nauticus,9.4e-4,0.12466000000000001,0,0,0,0.12560000000000002
GGB52798 SGB73712,0,0,0,0.12449,0,0.12449
Psychrobacter sp NG27,0.0722,0.01362,0.038,0,0,0.12382
GGB91352 SGB134892,0,0,0,0.12262,0,0.12262
Aneurinibacillus uraniidurans,0,0,0,0.12174,0,0.12174
Acinetobacter soli,0,0,0,0,0.12123,0.12123
GGB94008 SGB130022,0,0,0,0.12026,0,0.12026
Bacillus paranthracis,0,0.11942,0,0,0,0.11942
Flagellimonas beolgyonensis,0,0.11751,0,0,0,0.11751
Ornithinimicrobium flavum,0,0.00593,0.11145,0,0,0.11738
Kocuria flava,0,0,0.11647,0,0,0.11647
Psychrobacter phenylpyruvicus,0.02403,0.03787,0.05442,0,0,0.11632
Streptomyces bauhiniae,0,0,0,0,0.11513,0.11513
Polynucleobacter sp MWH UH25E,0,0,0,0,0.11412,0.11412
GGB110264 SGB196191,0,0,0,0,0.11256,0.11256
Erythrobacter sp SD 21,0,0.05454,0.05783,0,0,0.11237
Rhodococcus pyridinivorans,0,0,0.10714,0,0,0.10714
Lutimaribacter saemankumensis,0.01405,0.0713,0.02085,0,0,0.1062
Cytobacillus firmus,0.00559,0.10032,0,0,0,0.10591
Winogradskyella sp MH6,0.00307,0.09729,0.00163,0,0,0.10199
Polynucleobacter sp 31A FELB,0,0,0,0,0.10139,0.10139
Ruegeria sp HKCCSA071,0.0162,0.01392,0.07124,0,0,0.10135999999999999
Qipengyuania intermedia,5.3e-4,0.05804,0.04195,0,0,0.10052
Mycobacterium sp SMC 2,0,0,0,0.09973,0,0.09973
Lysinibacillus fusiformis,0.01956,0.07961,0,0,0,0.09917000000000001
Leifsonia sp TF02 11,0,0,0,0.09827,0,0.09827
Enterobacter cloacae,0,0,0,0,0.09648,0.09648
Priestia flexa,1.7e-4,0.070930000000000007,0.02425,0,0,0.09535
Microbacterium gawkjiense,0,0,0.09518,0,0,0.09518
Microbacterium SGB87885,0,0.00573,0.08905,0,0,0.09478
Sulfitobacter pontiacus,0,0,0.09425,0,0,0.09425
GGB60033 SGB81933,0,0,0.09148,0,0,0.09148
Lapillicoccus jejuensis,0,0,0,0,0.09084,0.09084
Demequina litorisediminis,0,0,0.0905,0,0,0.0905
Janibacter SGB99000,0.0064,0.02125,0.06132,0,0,0.08897000000000001
Gottfriedia endophytica,0,0,0,0.08871,0,0.08871
Christiangramia gaetbulicola,0,0,0.08712,0,0,0.08712
Pseudomonas denitrificans nom rej,0,0,0,0,0.08679,0.08679
Trichococcus flocculiformis,0.08567,0,0,0,0,0.08567
Microbulbifer litoralis,0,0,0.08527,0,0,0.08527
Kytococcus sedentarius,0,0,0.08518,0,0,0.08518
Amantichitinum ursilacus,0,0,0,0,0.08438,0.08438
GGB66792 SGB90437,0,0,0.08429,0,0,0.08429
Fictibacillus halophilus,0,0.08426,0,0,0,0.08426
Microbacterium galbum,0,0,0,0,0.08372,0.08372
Salegentibacter mishustinae,0,0.00513,0.07784,0,0,0.08297
Hyphomonas jannaschiana,0,0.01264,0.07027,0,0,0.08291
Acinetobacter venetianus,0.07692,0,0.0059,0,0,0.08282
Microbacterium hominis,0,0,0,0,0.08262,0.08262
Lactococcus petauri,0.07968,0,0,0,0,0.07968
Micrococcus terreus,0,0,0.07589,0,0,0.07589
GGB92506 SGB133129,0,0,0,0.07293,0,0.07293
GGB64439 SGB86925,0,0,0,0.07241,0,0.07241
Qipengyuania gelatinilytica,8e-5,0.0495,0.02237,0,0,0.07195
Microbacterium schleiferi,6.6e-4,0,0.07064,0,0,0.07129999999999999
Rhodococcus qingshengii,0,0,0.0711,0,0,0.0711
Clostridium sulfidigenes,0.07067,0,0,0,0,0.07067
Bacillus cereus,0.00523,0.06487,0,0,0,0.0701
Pseudomonas sp LRP2 20,0,0,0,0,0.06982,0.06982
Microbacterium aurantiacum,0,0,0.0685,0,0,0.0685
Paenibacillus sp HW567,0,0,0,0.06662,0,0.06662
Leeuwenhoekiella palythoae,0,0.04173,0.0244,0,0,0.06613000000000001
Psychrobacter sp 5A 1,0.02006,0.02748,0.01791,0,0,0.06545000000000001
Rhodobacterales bacterium FZCC0069,0,0,0.0649,0,0,0.0649
Achromobacter xylosoxidans,0,0,0,0,0.0647,0.0647
Solibacillus isronensis,0.01134,0.05318,0,0,0,0.06452
Aequorivita vladivostokensis,0,0.0213,0.0405,0,0,0.0618
GGB54174 SGB75380,0,0,0,0.06156,0,0.06156
Microbacterium sp WCS2018Hpa 9,0,0,0.0606,0,0,0.0606
Gordonia aquimaris,0.00514,0.01983,0.03553,0,0,0.0605
Vreelandella aquamarina,0.04773,0,0.012070000000000001,0,0,0.059800000000000006
Erythrobacteraceae bacterium E2 1 Yellow Sea,0,0,0.05869,0,0,0.05869
Qipengyuania nanhaisediminis,0,0.02104,0.03754,0,0,0.05857999999999999
GGB66392 SGB132736,0,0,0,0.05789,0,0.05789
Arenibacter latericius,0,0.05701,8.5e-4,0,0,0.057859999999999995
Niallia taxi,0,0.03995,0.01769,0,0,0.05764
GGB98529 SGB137755,7.1e-4,0.00161,0.05519,0,0,0.057510000000000006
Acinetobacter vivianii,0,0,0,0,0.05751,0.05751
GGB64250 SGB86668,0,0,0.05728,0,0,0.05728
GGB65847 SGB89195,0,0,0,0.05728,0,0.05728
Clostridium sartagoforme,0.05571,0,0,0,0,0.05571
Microbulbifer harenosus,0,0,0.05523,0,0,0.05523
Qipengyuania SGB138215,0,0,0.05522,0,0,0.05522
Bacillus sp NTK034,0,0.05447,0,0,0,0.05447
Psychrobacter sp SWN149,0.01807,0.01149,0.02477,0,0,0.05433
Qipengyuania xiamenensis,0,0.04181,0.01214,0,0,0.05395
Acinetobacter sedimenti,0.00693,0.01727,0.02949,0,0,0.05369
Paracoccus marcusii,0,0,0.05336,0,0,0.05336
Flavobacterium haoranii,0.02771,0.024,0.00101,0,0,0.052719999999999996
Celeribacter naphthalenivorans,0.05024,0.00137,0,0,0,0.05161
Heliomarina baculiformis,0,0.05114,0,0,0,0.05114
GGB136196 SGB176986,0,0,0.051,0,0,0.051
Rhodococcus ruber,0,0.03377,0.01646,0,0,0.05023
GGB54137 SGB147869,0,0,0,0,0.0488,0.0488
Gordonia hongkongensis,0,0,0.04875,0,0,0.04875
Winogradskyella sp SYSU M77433,0,0.04859,0,0,0,0.04859
Psychrobacter sp NZS113,0.04074,0,0.00766,0,0,0.0484
Qipengyuania oceanensis,0,0.04214,0.00621,0,0,0.04835
Zunongwangia profunda,0,0,0.04758,0,0,0.04758
Rossellomorea marisflavi,0,0.01466,0.03202,0,0,0.04668
Streptococcus suis,0.04666,0,0,0,0,0.04666
Psychrobacter sp NG254,0.02342,0.00125,0.02182,0,0,0.04649
Sinomonas albida,0,0,0,0.01926,0.02644,0.045700000000000005
Romboutsia lituseburensis,0.04512,0,0,0,0,0.04512
Zeaxanthinibacter enoshimensis,0,0.04418,8.9e-4,0,0,0.04507
Pseudoalteromonas nigrifaciens,0,0,0.04452,0,0,0.04452
Qipengyuania SGB38253,0,0,0.04389,0,0,0.04389
Roseovarius pacificus,0,0.04367,0,0,0,0.04367
Salipiger thiooxidans,0,0.04114,0.00159,0,0,0.042730000000000004
Youhaiella tibetensis,0,0.04263,0,0,0,0.04263
Polynucleobacter sp MWH UH2A,0,0,0,0,0.04242,0.04242
Roseiarcus fermentans,0,0,0,0,0.04236,0.04236
Demequina sediminis,0,0,0.04215,0,0,0.04215
Enterobacter hormaechei,0,0,0.00239,0,0.03928,0.041670000000000006
Psychrobacter fjordensis,0.02992,0.00193,0.00977,0,0,0.04162
GGB71614 SGB126404,0,0,0,0.04039,0,0.04039
GGB91419 SGB134682,0,0,0,0.04001,0,0.04001
Celeribacter halophilus,0,0,0.03876,0,0,0.03876
GGB66014 SGB133090,0,0,0,0.03861,0,0.03861
Microbulbifer variabilis,0,0,0.0381,0,0,0.0381
Sphingomonas beigongshangi,0,0,0,0,0.03793,0.03793
Candidatus Macondimonas diazotrophica,0.01141,0.00207,0.02422,0,0,0.0377
Microbacterium testaceum,0,0,1.3e-4,0,0.03569,0.03582
Roseateles chitosanitabidus,0,0,0,0,0.03536,0.03536
Microbulbifer pacificus,0,0.00302,0.03164,0,0,0.03466
Halobacillus salinus,0,0,0.03398,0,0,0.03398
Lysinibacillus sphaericus,0.02825,0.00537,0,0,0,0.03362
Psychrobacter luti,0.01255,0.00191,0.01896,0,0,0.03342
GGB52803 SGB86999,0,0,0,0.03333,0,0.03333
Qipengyuania gaetbuli,0,0.02822,0.00462,0,0,0.03284
GGB92323 SGB132845,0,0,0,0.03267,0,0.03267
Methylocystis bryophila,0,0,0,0.03257,0,0.03257
Microbulbifer sp THAF38,0,0,0.03224,0,0,0.03224
GGB88569 SGB123343,0,0,0,0.03211,0,0.03211
Dyella amyloliquefaciens,0,0,0,0.0321,0,0.0321
Pseudalkalibacillus hwajinpoensis,0,0.03196,0,0,0,0.03196
Tetzosporium hominis,0,0,0.03099,0,0,0.03099
Corynebacterium SGB61358,0.0017,0,0.02914,0,0,0.03084
GGB89977 SGB126808,0,0,0,0.03064,0,0.03064
Brevundimonas aurantiaca,0,0,0.03007,0,0,0.03007
Caulobacter vibrioides,0,0,0,0,0.029760000000000002,0.029760000000000002
Cellulomonas sp APG4,0,0.02958,0,0,0,0.02958
Maribacter aurantiacus,0.0023,0.02584,0.0014,0,0,0.029539999999999997
Salinicola salarius,0,0.00832,0.02102,0,0,0.029339999999999998
Curtobacterium luteum,0,0,0,0,0.02904,0.02904
Polynucleobacter tropicus,0,0,0,0,0.02887,0.02887
Sphingomonas pseudosanguinis,0,0,0,0,0.02857,0.02857
Jonesia denitrificans,0,0,0.02856,0,0,0.02856
Erythrobacter sp HKB08,0,0.02579,0.00242,0,0,0.02821
Sphingomonas SGB73465,0,0,0,0,0.02793,0.02793
Qipengyuania soli,0,0.02743,2e-4,0,0,0.02763
Acinetobacter SGB165522,0.00199,0.00369,0.02183,0,0,0.02751
Cellulosimicrobium cellulans,0,0,0.02748,0,0,0.02748
Thalassobius vesicularis,0.00331,7.1e-4,0.02333,0,0,0.02735
Stenotrophomonas cyclobalanopsidis,0,0,0,0,0.02689,0.02689
Qipengyuania sp XHP0207,0,0.00222,0.02435,0,0,0.02657
Bacillus sp Marseille Q1617,0,0.02384,0.00202,0,0,0.02586
Jeotgalibacillus malaysiensis,0,0.02276,0.00275,0,0,0.025509999999999998
Acidiluteibacter ferrifornacis,0,0,0.02536,0,0,0.02536
Variovorax sp HW608,0,0,0,0.02535,0,0.02535
Nioella SGB138072,0,0,0.0247,0,0,0.0247
GGB90655 SGB127159,0,0,0,0.02459,0,0.02459
Marivita SGB181916,0,0,0.02453,0,0,0.02453
Qipengyuania vesicularis,0,0.00472,0.01941,0,0,0.02413
Beijerinckiaceae bacterium RH AL8,0,0,0,0,0.02411,0.02411
Pseudorhizobium flavum,0,0.02402,0,0,0,0.02402
Profundicola chukchiensis,0,0,0.02378,0,0,0.02378
GGB91732 SGB134135,0,0,0,0.02354,0,0.02354
Gordonia alkanivorans,0,0.00341,0.01969,0,0,0.0231
Prescottella agglutinans,0,0,0,0.02297,0,0.02297
GGB89942 SGB126742,0,0,0,0.02288,0,0.02288
Altererythrobacter xiamenensis,0,0.01661,0.00575,0,0,0.022359999999999998
Thalassovita litoralis,0.0016,0,0.02073,0,0,0.02233
Paraburkholderia sp Ac 20340,0,0,0,0,0.02219,0.02219
GGB94264 SGB130266,0,0,0,0,0.02204,0.02204
GGB45144 SGB62657,0,0,0.02202,0,0,0.02202
GGB47040 SGB64963,0,0,0.02199,0,0,0.02199
Leucobacter muris,0,0.02188,0,0,0,0.02188
Psychrobacter aquimaris,0,0,0.02153,0,0,0.02153
Salinicola lusitanus,0,0,0.02138,0,0,0.02138
Psychrobacter sp NG25,0.01306,4.7e-4,0.00751,0,0,0.02104
Variovorax paradoxus,0,0,0,0,0.02066,0.02066
Alteriqipengyuania abyssalis,0,0.00985,0.01056,0,0,0.020409999999999998
GGB47034 SGB64954,0,0,0.02013,0,0,0.02013
Mycobacterium conspicuum,0,0,0,0.01959,0,0.01959
Pseudorhodobacter sp E13,0,0,0.01947,0,0,0.01947
Mycobacterium sp PO1,0,0.00566,0.01367,0,0,0.01933
Micrococcus flavus,0,0,0.01926,0,0,0.01926
Stutzerimonas stutzeri,0.01912,0,0,0,0,0.01912
Leucothrix mucor,0,0,0.0189,0,0,0.0189
Defluviimonas SGB90463,9.9e-4,0.00208,0.01567,0,0,0.01874
Neptunomonas concharum,2.6e-4,0,0.01846,0,0,0.01872
Curtobacterium oceanosedimentum,0,0,0,0,0.01869,0.01869
Rhodococcoides fascians,0,0,0.01813,0,0,0.01813
Massilia sp Bi118,0,0,0,0,0.0179,0.0179
Fredinandcohnia onubensis,0,0.01784,0,0,0,0.01784
Luteimonas colneyensis,0,0,0.01767,0,0,0.01767
Oryzihumus SGB130264,0,0,0,0.01751,0,0.01751
Mycolicibacterium poriferae,0,0.00417,0.01326,0,0,0.01743
Winogradskyella epiphytica,0,0.00178,0.01562,0,0,0.0174
Streptacidiphilus jiangxiensis,0,0,0,0,0.01739,0.01739
Sphingomonas SGB90165,0,0,0,0,0.01726,0.01726
Trichococcus shcherbakoviae,0.01717,0,0,0,0,0.01717
Methylophilaceae unclassified SGB91728,0,0,0.01673,0,0,0.01673
Arenibacter palladensis,0,0.01669,0,0,0,0.01669
Methylobacterium sp J 067,0,0,0,0,0.01626,0.01626
GGB33138 SGB86553,0,0,0.01618,0,0,0.01618
Thioclava sp A2,0,0,0.016,0,0,0.016
Halobacillus litoralis,0,0,0.0158,0,0,0.0158
Bacillus tianshenii,0,0.01577,0,0,0,0.01577
Ruegeria intermedia,0.00497,0.00857,0.00195,0,0,0.015489999999999999
GGB44069 SGB61447,0,0,0.01518,0,0,0.01518
Maribacter cobaltidurans,0,0.01509,0,0,0,0.01509
Micrococcus luteus,0,0,0.01482,0,0,0.01482
Flagellimonas olearia,0,0.01473,0,0,0,0.01473
Donghicola tyrosinivorans,0,0.00943,0.00515,0,0,0.01458
Psychrobacter sp ANT WB68,0.0034,0.00552,0.0056,0,0,0.01452
Christiangramia portivictoriae,0,0,0.01446,0,0,0.01446
Microbacterium kunmingense,0,0,0.01437,0,0,0.01437
Timonella senegalensis,0.0143,0,0,0,0,0.0143
Novilysobacter defluvii,0,0,0.01417,0,0,0.01417
Erythrobacteraceae bacterium WH01K,0,0,0.01398,0,0,0.01398
Pseudothioclava arenosa,0.00163,0,0.012,0,0,0.01363
Thioclava sp ES 031,1.9e-4,0.01308,0,0,0,0.013269999999999999
Brevundimonas diminuta,0,0.00332,0.00994,0,0,0.01326
Microbacterium marinum,0,0,0.01326,0,0,0.01326
Corynebacterium variabile,0,0,0.01322,0,0,0.01322
Pseudomonas lactis,0,0,0,0,0.01319,0.01319
Novilysobacter spongiicola,0,0,0.01277,0,0,0.01277
Gelidibacter japonicus,0,0,0.01274,0,0,0.01274
Muriicola marianensis,0.00183,0.01077,7e-5,0,0,0.01267
Moraxella osloensis,0,0,0,0,0.01254,0.01254
Stenotrophomonas acidaminiphila,0,0.01246,0,0,0,0.01246
GGB99166 SGB140305,0,0,0.01233,0,0,0.01233
Serratia marcescens,0,0,0,0,0.01229,0.01229
Lactiplantibacillus plantarum,0,0,0.0122,0,0,0.0122
Synechococcus sp LTW R,0,0,0.01194,0,0,0.01194
GGB136607 SGB176925,0.00487,0.00533,0.00157,0,0,0.01177
Enterobacter cancerogenus,0,0,0,0,0.01167,0.01167
Microbacterium sp RU1D,0,0,0,0,0.01165,0.01165
Pseudoalteromonas tetraodonis,0,0,0.01163,0,0,0.01163
GGB25700 SGB37674,0,0,0.01149,0,0,0.01149
Brevibacterium linens,0,0,0.01139,0,0,0.01139
GGB44766 SGB133340,0,0,0,0.01135,0,0.01135
Psychrobacter sp PP 21,0.00806,0,0.00327,0,0,0.01133
Nocardioides SGB107694,0,0,0.01125,0,0,0.01125
Marixanthomonas sp SCSIO 43207,0,0.00338,0.0078,0,0,0.011179999999999999
Exiguobacterium aurantiacum,0,0,0.01105,0,0,0.01105
Bacillus infantis,0,0.01082,0,0,0,0.01082
Alcanivorax borkumensis,0,0,0.01069,0,0,0.01069
Aerococcus urinaeequi,8.3e-4,0,0.00961,0,0,0.010440000000000001
Streptomyces albidoflavus,0,0,0.0104,0,0,0.0104
Flavobacterium okayamense,0.0032,0,0.00705,0,0,0.01025
GGB14202 SGB36131,0,0,0.0102,0,0,0.0102
Bacillus safensis,0,0.0024,0.00751,0,0,0.00991
Herbaspirillum SGB88640,0,0,0,0,0.00987,0.00987
Brooklawnia propionicigenes,5.3e-4,0,0.00919,0,0,0.00972
Tenacibaculum SGB196020,0.00871,8.2e-4,0,0,0,0.00953
GGB90876 SGB127500,0,0,0,0.00949,0,0.00949
Streptomyces murinus,0,0,0,0,0.00949,0.00949
Lutibacter maritimus,0.00606,0.0033,4e-5,0,0,0.0094
Brachybacterium massiliense,0,0,0.00925,0,0,0.00925
Tessaracoccus flavus,0,0,0.00908,0,0,0.00908
Tsuneonella suprasediminis,0,0.00566,0.00337,0,0,0.00903
Desemzia incerta,0.00895,0,0,0,0,0.00895
Flavobacterium stagni,0,0,0,0,0.00892,0.00892
Erythrobacter sp YJ T3 07,0,0.00635,0.00247,0,0,0.00882
Qipengyuania profundimaris,0,0,0.00882,0,0,0.00882
GGB24405 SGB36246,0,0,0,0,0.00876,0.00876
Nitratireductor aquimarinus,0,0.0087,0,0,0,0.0087
Planomicrobium okeanokoites,0,0,0.00867,0,0,0.00867
Vreelandella venusta,0,0,0.00861,0,0,0.00861
Chryseobacterium gambrini,0,0,0,0,0.0086,0.0086
GGB26910 SGB39105,0.00731,0.00122,0,0,0,0.00853
Actinospica acidiphila,0,0,0.00848,0,0,0.00848
Cytobacillus kochii,0,0.00649,0.00166,0,0,0.008150000000000001
Massilia agilis,0,0,0,0.00814,0,0.00814
Microbacterium maritypicum,0,0,0.0081,0,0,0.0081
Microbacterium algeriense,0,0,0.00809,0,0,0.00809
Glutamicibacter soli,0,0.00804,0,0,0,0.00804
Methylovulum psychrotolerans,0,0,0,0,0.00798,0.00798
Bacillus sp SB49,0,0,0.00796,0,0,0.00796
Agromyces mediolanus,0,0.00793,0,0,0,0.00793
GGB97621 SGB137707,0,0,0.00793,0,0,0.00793
GGB56036 SGB208952,0,0,0.00786,0,0,0.00786
Qipengyuania sp XHP0211,0,0,0.00777,0,0,0.00777
Psychrobacter proteolyticus,0.00533,0,0.00244,0,0,0.007769999999999999
Yokenella regensburgei,0,0,0,0,0.00769,0.00769
GGB132915 SGB181538,0,0,0.00767,0,0,0.00767
Microbacterium paludicola,0,0,0.00761,0,0,0.00761
Ilumatobacter fluminis,3.7e-4,0.00134,0.00588,0,0,0.0075899999999999995
Agromyces indicus,0,0.00168,0.00588,0,0,0.00756
Bacillus sp ISL 55,0.00547,0.00204,0,0,0,0.00751
Bizionia paragorgiae,0,0,0.00749,0,0,0.00749
Brachybacterium squillarum,0,0,0.00747,0,0,0.00747
Metabacillus indicus,0,0.00638,0.00107,0,0,0.00745
Actinospica acidithermotolerans,0,0,0,0.0074,0,0.0074
Demequina sp NBRC 110055,0,0,0.00739,0,0,0.00739
GGB92869 SGB131016,0,0,0,0.00735,0,0.00735
GGB46913 SGB64825,0,0,0.00733,0,0,0.00733
Alteraurantiacibacter aquimixticola,0,0,0.00732,0,0,0.00732
GGB52803 SGB130045,0,0,0,0.00731,0,0.00731
Microbacterium sp 5K110,0,0,0.00723,0,0,0.00723
Nocardiopsis alba,0,0,0.00721,0,0,0.00721
Subsaxibacter sp CAU 1640,0,0.00714,0,0,0,0.00714
Ruegeria pomeroyi,0.00167,0,0.00539,0,0,0.00706
Planobacterium oryzisoli,0,0,0.00698,0,0,0.00698
Bacillus sp ISL 41,0.00264,0.00433,0,0,0,0.00697
Arenibacter troitsensis,0,0.00692,0,0,0,0.00692
Pseudooceanicola nanhaiensis,0,0.00684,0,0,0,0.00684
Gemmobacter lutimaris,0,0.00679,0,0,0,0.00679
Paenibacillus camelliae,0,0.00676,0,0,0,0.00676
Aequorivita viscosa,0,0,0.00664,0,0,0.00664
Qipengyuania aurantiaca,0,0.00107,0.0055,0,0,0.0065699999999999995
Microbacterium ihumii,0,0,0.00652,0,0,0.00652
Halopseudomonas aestusnigri,0.00637,0,0,0,0,0.00637
Aliiroseovarius crassostreae,0,0,0.00635,0,0,0.00635
Carnobacterium jeotgali,0.00634,0,0,0,0,0.00634
Novosphingobium sp KACC 22771,0,0,0,0,0.0063,0.0063
Duganella qianjiadongensis,0,0,0,0,0.00624,0.00624
Hanstruepera neustonica,0.00138,0.00267,0.00214,0,0,0.00619
Rhodalgimonas zhirmunskyi,0.00153,0,0.00462,0,0,0.00615
Clostridium butyricum,0.00612,0,0,0,0,0.00612
Salegentibacter maritimus,0,0,0.00608,0,0,0.00608
GGB142108 SGB213955,0,0,0.00601,0,0,0.00601
Agrobacterium pusense,0,0,0,0,0.00594,0.00594
Metabacillus halosaccharovorans,0,0.00593,0,0,0,0.00593
Paracoccus sp C2R09,0,0,0.0059,0,0,0.0059
Pseudooceanicola nitratireducens,0,0,0.00582,0,0,0.00582
Flagellimonas alvinocaridis,0,0.00575,0,0,0,0.00575
Acinetobacter towneri,0,0,0.00557,0,0,0.00557
Azospirillum cavernae,0,0,0,0,0.00551,0.00551
Paracoccus xiamenensis,0,0,0.00545,0,0,0.00545
GGB43144 SGB60398,0,0,0.00528,0,0,0.00528
Ornithinimicrobium pekingense,0,0,0.00528,0,0,0.00528
Aliiroseovarius zhejiangensis,0,0.00525,0,0,0,0.00525
Erythrobacter aurantius,0,0,0.00523,0,0,0.00523
Zhihengliuella sp ISTPL4,0,0,0.00518,0,0,0.00518
GGB9634 SGB15095,0,0,0.00512,0,0,0.00512
Robiginitalea sediminis,0.00175,0.00326,0,0,0,0.00501
Kocuria oceani,0,0,0.00499,0,0,0.00499
Pectinatus brassicae,0,0,0.00488,0,0,0.00488
GGB131183 SGB183046,0,0,0.00479,0,0,0.00479
Microbacterium sp nov GSS16,0,0,0.00471,0,0,0.00471
GGB42066 SGB59206,0,0,0.00467,0,0,0.00467
Jeotgalibaca dankookensis,0.00458,0,0,0,0,0.00458
GGB49933 SGB69928,0,0,0.00452,0,0,0.00452
Halomonas campaniensis,0,0,0.00451,0,0,0.00451
Dietzia aerolata,0,0,0.00447,0,0,0.00447
Enterococcus casseliflavus,0.00444,0,0,0,0,0.00444
GGB108659 SGB193402,0,0,0.00443,0,0,0.00443
Intrasporangium flavum,0,0,0,0,0.00436,0.00436
Allomuricauda sp ARW1Y1,0,0.00426,0,0,0,0.00426
Loktanella sp PT4BL,0,0,0.00414,0,0,0.00414
Demequina sp NBRC 110052,0,0.00227,0.0018600000000000001,0,0,0.00413
Pusillimonas caeni,0,0.00406,0,0,0,0.00406
Cytobacillus gottheilii,0,0.00402,0,0,0,0.00402
GGB43300 SGB90439,0,0,0.00396,0,0,0.00396
Shinella sp XGS7,0,0,0,0,0.00392,0.00392
Chryseomicrobium excrementi,0,0,0.00386,0,0,0.00386
Fictibacillus phosphorivorans,0,0.00217,0.00165,0,0,0.00382
Pseudidiomarina taiwanensis,0,0,0.00381,0,0,0.00381
Saccharopolyspora sp HNM0983,0,0.0037200000000000002,0,0,0,0.0037200000000000002
GGB60247 SGB82192,0.0013,0.00199,3.9e-4,0,0,0.00368
Altererythrobacter sp CAU 1644,0,0.00117,0.00245,0,0,0.00362
Hyphomonas sp CY54 11 8,1.8e-4,0,0.00344,0,0,0.00362
Aequorivita iocasae,0,5.3e-4,0.00307,0,0,0.0036
Kushneria konosiri,0,0,0.00358,0,0,0.00358
Defluviimonas denitrificans,1.6e-4,0.0021,0.00122,0,0,0.00348
Dietzia cinnamea,0,0,0.00342,0,0,0.00342
Gordonia amicalis,0,0.00339,0,0,0,0.00339
Methanobrevibacter smithii,0,0,0.00335,0,0,0.00335
Qipengyuania huizhouensis,0,0,0.00335,0,0,0.00335
GGB42957 SGB57748,0,0,0.00334,0,0,0.00334
Streptomyces tropicalis,0,0,0,0,0.00334,0.00334
GGB59727 SGB81551,0.00169,0,0.00161,0,0,0.0033
Roseivivax marinus,0,0,0.00329,0,0,0.00329
Lysinibacillus louembei,0.00182,0.00142,0,0,0,0.00324
Limosilactobacillus fermentum,0,0,0.00321,0,0,0.00321
Serinicoccus sediminis,0,0,0.00316,0,0,0.00316
Marivivens donghaensis,0,0,0.00312,0,0,0.00312
Isoptericola chiayiensis,0,0,0.00309,0,0,0.00309
Microbacterium luteum,0,0,0.00309,0,0,0.00309
Polynucleobacter sp MWH Spelu 300 X4,0,0,0,0,0.00308,0.00308
Cereibacter sphaeroides,0,0,0.00307,0,0,0.00307
Novilysobacter arseniciresistens,0,0,0.00306,0,0,0.00306
Marivivens niveibacter,0,0,0.00304,0,0,0.00304
Tsuneonella flava,0,0,0.00304,0,0,0.00304
GGB46612 SGB64482,0,0,0.00301,0,0,0.00301
Nocardioides sp TRM66260 LWL,0,0,0,0,0.00299,0.00299
Clostridiaceae bacterium HFYG 1003,0,0,0.00298,0,0,0.00298
GGB110760 SGB195771,0,0,0.00295,0,0,0.00295
Candida tropicalis,0,0,0.0029,0,0,0.0029
GGB98133 SGB138700,0,0,0.0029,0,0,0.0029
Mycolicibacterium duvalii,0,0.00145,0.00145,0,0,0.0029
Marinobacterium sp LSUCC0821,0,0,0.00287,0,0,0.00287
Ornithinimicrobium humiphilum,0,0,0.00284,0,0,0.00284
Psychrobacter coccoides,0,0,0.00283,0,0,0.00283
Alkalimarinus sediminis,0,0,0.00273,0,0,0.00273
Aequorivita xiaoshiensis,0,0,0.0027,0,0,0.0027
Aurantiacibacter xanthus,0,0,0.0027,0,0,0.0027
Cobetia marina,0,0,0.00258,0,0,0.00258
Erythrobacter fulvus,0,0.00257,0,0,0,0.00257
Agrobacterium larrymoorei,0,0,0,0,0.00254,0.00254
GGB90658 SGB127212,0,0,0,0.00253,0,0.00253
GGB132275 SGB184675,0,0,0,0,0.00247,0.00247
Solibacillus daqui,0,0.00247,0,0,0,0.00247
Cyclobacterium sp 1 MG 2023,0,0.00242,0,0,0,0.00242
GGB46774 SGB64663,0,0,0.00233,0,0,0.00233
Janibacter anophelis,0,0,0.00231,0,0,0.00231
Clostridium tertium,0.00226,0,0,0,0,0.00226
Nonlabens tegetincola,0,0.00126,9.8e-4,0,0,0.00224
GGB6246 SGB8904,0.00223,0,0,0,0,0.00223
Corynebacterium phoceense,0,0,0.00222,0,0,0.00222
Arthrobacter koreensis,0,0,0.00219,0,0,0.00219
Corynebacterium dentalis,0,0,0.00216,0,0,0.00216
Mesobacillus subterraneus,0.00118,9.6e-4,0,0,0,0.00214
Pseudalkalibacillus spartinae,0,0.00212,0,0,0,0.00212
Paracoccus sp MBLB3053,0,0,0.00204,0,0,0.00204
Pseudoxanthomonas winnipegensis,0,0,0,0,0.00204,0.00204
Brevundimonas poindexterae,0,0,0.00203,0,0,0.00203
Corynebacterium vitaeruminis,1.8e-4,1.4e-4,0.00166,0,0,0.00198
Brachybacterium saurashtrense,0,0,0.00195,0,0,0.00195
Bacillus altitudinis,0,0.00194,0,0,0,0.00194
Polaribacter gangjinensis,0,0,0.00192,0,0,0.00192
Microbacterium sp p3 SID336,0,0,0.00175,0,0,0.00175
Schaalia sp JY X169,0,0,0.00175,0,0,0.00175
Brevundimonas vesicularis,0,0,0.00173,0,0,0.00173
Isoptericola SGB129906,0,0,0.00171,0,0,0.00171
Sphingomonas koreensis,0,0,0.00166,0,0,0.00166
Saprospirales bacterium GYS P2D,0,0,0.00162,0,0,0.00162
Collinsella aerofaciens,0,0,0.00155,0,0,0.00155
Exiguobacterium chiriqhucha,0,0.00153,0,0,0,0.00153
Rhodococcoides kroppenstedtii,0,0,0.00153,0,0,0.00153
Exiguobacterium sp AM39 5BH,0,0,0.00152,0,0,0.00152
GGB8990 SGB13861,0,0,0.00152,0,0,0.00152
Nocardioides malaquae,0,0,0.00151,0,0,0.00151
Paracoccus albicereus,0,4.8e-4,0.00102,0,0,0.0015
Microbacterium arborescens,0,0,0.00149,0,0,0.00149
Bifidobacterium minimum,0,0,0.00147,0,0,0.00147
Romboutsia timonensis,0,0,0.00147,0,0,0.00147
Exiguobacterium acetylicum,0,0,0.00145,0,0,0.00145
GGB68165 SGB140159,0,0,0.00144,0,0,0.00144
Qipengyuania polymorpha,0,8.4e-4,5.8e-4,0,0,0.00142
Microbacterium telephonicum,0,0,0.00141,0,0,0.00141
Clostridiaceae bacterium AF10 41,0.00139,0,0,0,0,0.00139
GGB138701 SGB185574,5.8e-4,5.3e-4,2.8e-4,0,0,0.00139
Pontibacillus sp HN14,0,0,0.00139,0,0,0.00139
Rhodobacteraceae bacterium EhC02,0,0,0.00139,0,0,0.00139
Roseivivax halodurans,0,0,0.00137,0,0,0.00137
Microbacterium binotii,0,0,0.00129,0,0,0.00129
GGB39200 SGB57355,0,0.00121,0,0,0,0.00121
Sporosarcina saromensis,0,0.00121,0,0,0,0.00121
Microbulbifer sp ALW1,0,2.1e-4,9.8e-4,0,0,0.00119
GGB60258 SGB82204,0,0,0.00117,0,0,0.00117
Bifidobacterium longum,0,0,0.00116,0,0,0.00116
Hyphomonas sediminis,0,0.00115,0,0,0,0.00115
Bacteroides graminisolvens,0,0,0.00114,0,0,0.00114
Microbacterium sufflavum,0,0,0.00114,0,0,0.00114
Microbacterium sp C7 2022,0,0,0.00106,0,0,0.00106
Loktanella gaetbuli,0,0,0.00105,0,0,0.00105
Leucobacter sp Psy1,0,0,0.00104,0,0,0.00104
Mangrovibacterium diazotrophicum,0.00103,0,0,0,0,0.00103
Flagellimonas marinaquae,0,0.001,0,0,0,0.001
Flavobacteriaceae bacterium NBU2977,0,0,0.001,0,0,0.001
Niallia circulans,0,9.8e-4,0,0,0,9.8e-4
Allomuricauda sp M10,0,9.7e-4,0,0,0,9.7e-4
Isoptericola jiangsuensis,0,0,9.7e-4,0,0,9.7e-4
Aequorivita SGB2713,0,0,0.00093000000000000005,0,0,0.00093000000000000005
Flagellimonas aequoris,0,0.00093000000000000005,0,0,0,0.00093000000000000005
Sutcliffiella horikoshii,0,0.00093000000000000005,0,0,0,0.00093000000000000005
GGB53691 SGB74832,0,0,8.9e-4,0,0,8.9e-4
Klebsiella pneumoniae,0,0,8.9e-4,0,0,8.9e-4
Proteiniclasticum ruminis,8.8e-4,0,0,0,0,8.8e-4
GGB75461 SGB170944,8.2e-4,5e-5,0,0,0,8.7e-4
Novosphingobium jiangmenense,0,0,0,0,8.7e-4,8.7e-4
Chryseomicrobium aureum,0,0,8.3e-4,0,0,8.3e-4
Robertmurraya kyonggiensis,0,8e-4,0,0,0,8e-4
Deinococcus soli ex Cha et al 2016,0,0,7.9e-4,0,0,7.9e-4
Clostridium aquiflavi,7.7e-4,0,0,0,0,7.7e-4
Pelagovum pacificum,0,0,7.5e-4,0,0,7.5e-4
Lactococcus lactis,0,0,7.4e-4,0,0,7.4e-4
GGB132819 SGB182059,0,0,7.3e-4,0,0,7.3e-4
Corynebacterium sp SCR221107,0,0,7.2e-4,0,0,7.2e-4
Roseibium aestuarii,0,0,7.1e-4,0,0,7.1e-4
Seohaeicola sp 4SK31,0,0,7.1e-4,0,0,7.1e-4
beta proteobacterium KB13,0,0,6.9e-4,0,0,6.9e-4
GGB57431 SGB79004,0,0,0,0,6.5e-4,6.5e-4
Propioniciclava sp MC1595,0,0,6.5e-4,0,0,6.5e-4
Rhodovulum sp FJ3,0,0,6.5e-4,0,0,6.5e-4
Nesterenkonia massiliensis,0,0,6.4e-4,0,0,6.4e-4
Luteimonas sp JM171,0,0,6.1e-4,0,0,6.1e-4
Zunongwangia pacifica,0,0,6e-4,0,0,6e-4
Kocuria SGB98773,0,0,5.8e-4,0,0,5.8e-4
Paracoccus yeei,0,0,5.7e-4,0,0,5.7e-4
Maribellus luteus,5.5e-4,0,0,0,0,5.5e-4
Bacillus sp N1 1,0,5.4e-4,0,0,0,5.4e-4
Salinibacterium amurskyense,0,0,5.1e-4,0,0,5.1e-4
GGB63480 SGB85789,0,0,5e-4,0,0,5e-4
Lysinibacillus sp SGAir0095,0,5e-4,0,0,0,5e-4
Microbulbifer sp HZ11,0,0,4.9e-4,0,0,4.9e-4
Halopseudomonas pachastrellae,0,0,4.8e-4,0,0,4.8e-4
Candidatus Aquarickettsia rohweri,0,0,4.5e-4,0,0,4.5e-4
Altererythrobacter sp C41,0,0,4.4e-4,0,0,4.4e-4
Microbacterium hydrocarbonoxydans,0,0,4.4e-4,0,0,4.4e-4
Brevibacillus centrosporus,0,4.1e-4,0,0,0,4.1e-4
Mesonia maritima,0,0,4.1e-4,0,0,4.1e-4
Zunongwangia sp HGR M22,0,0,4.1e-4,0,0,4.1e-4
Aurantiacibacter SGB38248,0,0,4e-4,0,0,4e-4
Luteimonas padinae,0,0,3.9e-4,0,0,3.9e-4
Qipengyuania algicida,0,0,3.8e-4,0,0,3.8e-4
Sphingomonas dokdonensis,0,0,3.7e-4,0,0,3.7e-4
GGB43700 SGB177887,0,0,3.6e-4,0,0,3.6e-4
GGB45720 SGB63440,0,0,3.6e-4,0,0,3.6e-4
Metabacillus schmidteae,0,3.6e-4,0,0,0,3.6e-4
Pseudooceanicola onchidii,0,0,3.6e-4,0,0,3.6e-4
Heyndrickxia oleronia,0,3.5e-4,0,0,0,3.5e-4
Microbacterium foliorum,0,0,3.5e-4,0,0,3.5e-4
Gordonia namibiensis,0,0,3.2e-4,0,0,3.2e-4
Paucisalibacillus globulus,0,3.2e-4,0,0,0,3.2e-4
Tessaracoccus lapidicaptus,0,0,3.1e-4,0,0,3.1e-4
Nostocoides sp F2B08,0,3e-4,0,0,0,3e-4
GGB68272 SGB92186,0,0,2.9e-4,0,0,2.9e-4
GGB55957 SGB77276,2.7e-4,0,0,0,0,2.7e-4
Clostridium weizhouense,2.6e-4,0,0,0,0,2.6e-4
Marivita geojedonensis,2.5e-4,0,0,0,0,2.5e-4
Microbacteriaceae bacterium PS02066,0,0,2.5e-4,0,0,2.5e-4
Marilutibacter aestuarii,0,2.3e-4,0,0,0,2.3e-4
Qipengyuania vulgaris,0,9e-5,1.4e-4,0,0,2.3e-4
Qipengyuania mesophila,0,0,2.2e-4,0,0,2.2e-4
Microbacterium sp 1 5R,0,0,2.1e-4,0,0,2.1e-4
Microbacterium oleivorans,0,0,2e-4,0,0,2e-4
Aurantiacibacter odishensis,0,0,1.9e-4,0,0,1.9e-4
Mesonia mobilis,0,0,1.7e-4,0,0,1.7e-4
Bacillus sinesaloumensis,0,1.6e-4,0,0,0,1.6e-4
Jiulongibacter sediminis,0,0,1.4e-4,0,0,1.4e-4
Rhodococcus sp HNM0569,0,0,1.4e-4,0,0,1.4e-4
GGB16199 SGB24558,1.1e-4,0,0,0,0,1.1e-4
Arenibacter certesii,0,1e-4,0,0,0,1e-4
Paracoccus aerius,0,0,8e-5,0,0,8e-5
Henriciella algicola,0,0,7e-5,0,0,7e-5
Aurantiacibacter suaedae,0,0,5e-5,0,0,5e-5
GGB134974 SGB177300,4e-5,0,0,0,0,4e-5
